filename,text
0, গতকাল মঙ্গলবার সকালে কলেজ মিলনায়তনে এ ঘটনা ঘটে
1, সকাল সাড়ে ১০টায় কলেজ মিলনায়তনে অনুষ্ঠান শুরু হয়
2, এ ছাড়া সব বিভাগের প্রধানেরা উপস্থিত ছিলেন
3, ভাঙচুর শুরু হয় একের পর এক চেয়ার
4, মুহূর্তে অনুষ্ঠান পণ্ড হয়ে যায়
5, অনুষ্ঠানটি পণ্ড হওয়ার ঘটনা খুবই দুঃখজনক
6, জনে জনে দাওয়াত দেওয়া সম্ভব নয়
7, পরে কলেজে গিয়ে অনুষ্ঠান পণ্ড হওয়ার কথা শুনেছেন
8, তিনি ঢাকার একটি হাসপাতালে ভর্তি রয়েছেন
9,ফিলিস্তিনিদের অস্ত্র দেওয়ার কাজে গতি বাড়াবে তেহরান
10, এতে আরও চার ফিলিস্তিনির মৃত্যু হয়েছে
11, ড্রোনটির খণ্ডগুলো অক্ষত অবস্থায় পাওয়া গেছে
12, সেগুলো পরীক্ষা করে দেখা হচ্ছে
13, শনিবার রাত সাড়ে আটটার দিকে এ ঘটনা ঘটে
14, এ সময় অপর দুই যাত্রী গুরুতর আহত হয়
15, পরে হাসপাতালে নেওয়ার পথে তাদের আর একজন মারা যায়
16, তবে নিহতদের পরিচয় পাওয়া যায়নি
17, মানবিক দিক বিবেচনা করে ফি কমানোর দাবি তাঁদের
18, ৩ নভেম্বর থেকে নিবন্ধন শুরু
19, নানা অজুহাত দিয়ে কাটিয়ে দিত
20, এই সমাবর্তনেও তেমনটাই হবে
21, সবকিছুর দাম বাড়লেও ফি বাড়ানো হয়নি
22, এটা কমানোর কোনো সুযোগ নেই
23," তিনি আরও বলেন, ‘আমরা কাউকে জোর করছি না"
24, কেউ না পারলে আসবে না
25, চারদিকে ‘গেল গেল’ রব
26, সমর্থকেরা বিমর্ষ
27, হতাশা লুকাতে পারেননি এনরিকেও
28, শিষ্যদের প্রতি অভিযোগ বা অনুযোগ নেই এনরিকের
29, দায় সব আমার
30, আমরা দ্বিতীয় লেগ আমাদের স্টেডিয়ামে খেলব
31, আর সত্যি আমাদের বীরত্বপূর্ণ ফুটবল খেলতে হবে
32, একইভাবে চেষ্টা করে যেতে হবে আমাদের
33,সর্বশেষ ওয়ানডেটি খেলেছিলেন গত বছরের ডিসেম্বরে
34, যেটি ছিল তাঁর দ্বিতীয় এশিয়ান ট্যুর জয়
35, মাত্র ৮ হোলের খেলা শেষ করে ফিরে যেতে হয়েছিল পরশু
36, ৯৮তম হয়ে ছিটকে গেছেন টুর্নামেন্ট থেকে
37, কিন্তু পায়ের চোটের কারণে নেইমার এখন মাঠের বাইরে
38, তবে আমি আমার দায়িত্ব সম্পর্কে জানি
39, সেই জার্সির দায়িত্ব এখন আমার কাঁধে দেওয়া হয়েছে
40, দশ নম্বর জার্সির একটা আলাদা ওজন আছে
41, পাঁচবারের বিশ্বচ্যাম্পিয়ন এই জার্সি
42, নম্বর সেখানে কোনো ব্যাপার না
43, তাঁরা বিনা মূল্যে প্রয়োজনীয় তথ্য পাবেন
44, বেশ কিছু শিক্ষাপ্রতিষ্ঠানে ক্লাস হয়েছে
45, স্বাভাবিক ছিল ট্রেন চলাচল
46, এর বাইরে অন্য কোথাও অপ্রীতিকর ঘটনা ঘটেনি
47, এতে জুনায়েদ ও হাসিবকে পলাতক দেখানো হয়েছে
48, গ্রেপ্তার হওয়া তিনজন হত্যার কথা স্বীকার করেছেন
49, লেখালেখির কারণেই তাঁরা ওয়াশিকুরকে হত্যা করেছেন
50, পলাতক দুই আসামিকে গ্রেপ্তার করতে চেষ্টা চলছে
51, ঘটনার পর পালানোর সময় ধরা পড়েন জিকরুল্লাহ ও আরিফুল
52, পরে মামলার তদন্তভার ডিবিকে দেওয়া হয়
53, এর মধ্যে জিকরুল্লাহ ও আরিফুল ধরা পড়েন
54, তাঁরা মাদ্রাসার ছাত্র
55, আর জুনায়েদ পালিয়ে যান
56, তাঁর বাড়ি হবিগঞ্জে
57," পরে তদন্তে বেরিয়ে আসে, মাসুমের প্রকৃত নাম হাসিব"
58, এর আগে যাত্রাবাড়ী এলাকায় তাঁরা ভাড়া বাসায় থাকতেন
59, মধ্যরাতের অশ্বারোহী ফয়েজ আহমেদ আর নেই
60, দুই নেত্রীও এক মেরুতে নেই
61, তাঁদের অবস্থান বিপরীতমুখী
62, প্রতিনিয়তই দুজন দুজনকে পরাজিত করার খেলায় মত্ত
63, একজন অপরজনকে অবরোধ করেন
64, অপরজন পুরো দেশ অবরুদ্ধ করেন
65," বিশেষ করে, বড় দুই দল ও দুই নেত্রীর মধ্যে"
66, তাঁদের চিহ্নিত করে পদ থেকে সরিয়ে দেওয়া হবে
67, তবু অনেকে এসেছেন
68, তাঁদের ধন্যবাদ
69," তিনি বলেন, ‘আমি আসলাম"
70," মিটিংয়ের সামনে বসে বসে পা নাড়ালাম, তা হবে না"
71, অনেক সহ্য করেছি
72, আর তো পারি না
73, সভা-সমাবেশে আসেন না
74," আমাদেরও পদ আছে, দায়িত্ব আছে"
75, কিন্তু তারপরও প্রতিটি সভা-সমাবেশে অংশ নিচ্ছি
76, পদ অলংকৃত করবেন
77, দলের সব সুযোগ-সুবিধা ভোগ করবেন
78, সংগঠনের কর্মকাণ্ডে অংশগ্রহণ করবেন না
79, এটি তো হতে পারে না
80, এটি সংগঠনের সঙ্গে প্রতারণার শামিল
81, নগর থেকে তৃণমূলে থানা-ওয়ার্ড পর্যায়ে এমন লোক আছেন
82, পদের প্রতি সুবিচার করুন
83, অন্যথায় সসম্মানে অব্যাহতি নিন
84, পদ থেকে বঞ্চিত করব
85," অন্য দলকে নয়, নিজের দলকে ভালোবাসুন"
86, কিন্তু আজকের সমাবেশে একজন এমপির উপস্থিতি পেয়েছি
87, তাঁকে ধন্যবাদ
88, তারা দেশকে অকার্যকর করতে চেয়েছিল
89,’আরও একটি ছবি সম্প্রতি ফেসবুকে সমালোচনার ঝড় তুলেছে
90, তবে এটি ফটোশপ প্রযুক্তির মাধ্যমে করা হয়েছে
91,এ তো গেল ছবিবিষয়ক বিতর্ক
92, তবে এই সমালোচনা ওঠার পরপরই সেগুলো গায়েব হয়ে যায়
93, মন খারাপ করে বাসায় ফিরে তার আব্বুকে বিষয়টি জানায়
94, দেখা করেন প্রথম আলোর প্রতিনিধির সঙ্গে
95, কিন্তু এই দৃশ্য একটু ভিন্ন
96, এই স্কুলেই হয়েছে অনুষ্ঠান
97, এ কমিটি শিগগিরই কাজ শুরু করবে
98, এর অনুলিপি দেওয়া হয়েছে সুপ্রিম কোর্টকেও
99, তারা কমিশনের কাছে সুপারিশ করবে
100, আবার নির্বাহী হাকিমেরাও তা দেখতে পারবেন
101, প্রার্থীদের বিষয়ে বলা আছে
102, এর পুরোটাই ভূ-গর্ভ থেকে উত্তোলন করা হয়
103, পানি আসার গতিও ধীর
104, টিআই বাংলাদেশের ওয়েবসাইটেও এটি পাওয়া যাবে
105, বরাবরই তিনি পথপ্রদর্শকের ভূমিকা পালন করেছেন
106, সব সময় তাঁর কাজ দেখে অনুপ্রাণিত হয়েছি আমরা
107, তাঁর শারীরিক ও মানসিক শক্তির কোনো তুলনা হয় না
108, সত্যিই তাঁর কাজ আমার অনেক ভালো লাগে
109,’ সম্প্রতি এক খবরে এমনটিই জানিয়েছে পিটিআই
110, সত্যিই তাঁর কাজ দেখে অনেক কিছু শেখার আছে
111,’‘ধুম ৩’ ছবিতে খল চরিত্রে অভিনয় করেছেন আমির খান
112, যদিও ‘‘ডন’’ সিরিজের ছবিতে খল চরিত্রে অভিনয় করেছি
113, আবারও খল চরিত্রে অভিনয় করতে চাই আমি
114, প্রতিদ্বন্দ্বিতাকে আমি ইতিবাচক চোখেই দেখি
115, তবে আমার ভাবনার সঙ্গে সবার তো মিল নাও থাকতে পারে
116, আমার চেয়ে সালমান নিঃসন্দেহে বড় তারকা
117, অভিনয় করতে তার যেন কিছুই করতে হয় না
118, তার মধ্যে যেন তারকাখ্যাতি ভরপুর
119, সে পথেই বেশ ভালোই এগোচ্ছেন মার্তা-ক্রিস্টিয়ানরা
120, টানা দুই জয় নিয়ে উঠে গেছেন কোয়ার্টার ফাইনালে
121," এখন, এত ভালো খেলার পর, চাপটা বদলে যাচ্ছে"
122,’মানুষের প্রত্যাশা স্বাভাবিকভাবেই অলিম্পিকের সোনা
123, তবে এবারও কাজটা সহজ হচ্ছে না ব্রাজিলের জন্য
124, অলিম্পিকে যেটি তাদের টানা ১৩তম জয়
125, সমস্যা হচ্ছে না বলে অনেকেই নিবন্ধন করান না
126," কপিরাইট অফিস বলছে, মানুষ এর মূল্যটাই বোঝে না"
127,মেধাস্বত্বের মালিকানাই হচ্ছে কপিরাইট
128, রাজধানীর শেরেবাংলা নগরে বাংলাদেশ কপিরাইট অফিস আছে
129, এটি আধা বিচার বিভাগীয় প্রতিষ্ঠান
130, কপিরাইট নিবন্ধন বাধ্যতামূলক নয়
131,মেধাস্বত্ব নিবন্ধনের জন্য ফি এক হাজার টাকা
132, অনলাইনেও আবেদন করা যাবে
133, দায়রা জজ আদালতে ফৌজদারি বিচার হবে
134,১৯৬২ সালে কপিরাইট কার্যালয় প্রতিষ্ঠিত হয়
135, এ পর্যন্ত মেধাস্বত্বের নিবন্ধন হয়েছে ১৫ হাজার
136, গত বছরে হয়েছে ৬৩১টি
137, ফটোগ্রাফ নিবন্ধনে এত বছরে কেউ আসেনি
138," আশফাক আহমেদ বলেন, কপিরাইট নিয়ে তেমন ধারণা ছিল না"
139, তবে এর প্রয়োজন আছে
140,ছবি নিয়ে কাজ করে দৃক
141, তবে করলে বাড়তি আইনগত সুবিধা পাওয়া যায়
142,চলচ্চিত্রে এখন পর্যন্ত ৭২টি নিবন্ধন হয়েছে
143, কেন তা জানি না
144, আমি নিজেও করিনি
145, যেহেতু সমস্যা হয়নি
146, তাই হয়তো কেউ আগ্রহ বোধ করে না
147, এটা নিয়ে এখনো সেভাবে সচেতনতা গড়ে ওঠেনি
148, তবে কপিরাইট করা উচিত
149, অন্তত আমি পাইনি
150, এককালীন টাকা দেওয়া হয়
151, কিন্তু বাংলাদেশে এখন স্বেচ্ছাচারিতা চলছে
152, গান করতে গেলে এখন আগেই চুক্তি করিয়ে নেওয়া হয়
153,সবচেয়ে বেশি কপিরাইট নিবন্ধন হয় সাহিত্যকর্ম
154, গত বছর হয়েছে ৩২২টি
155," লেখক হায়াৎ মামুদ বলেন, কপিরাইট আইন আছে"
156, তবে অনেকেই এর ব্যাপারে তেমন সচেতন না
157,কপিরাইট আইন সংশোধনের জন্য একটি খসড়া তৈরি হয়েছে
158, এ ছাড়া প্রচারণার জন্য আলাদা কোনো বাজেটও নেই
159, প্রায় এক ঘণ্টা তাঁরা কথা বলেন
160, সেখানে কিছুটা সময় ব্যাটিং অনুশীলনও করলেন
161, সাইফউদ্দিন অনেকটা সেরে উঠেছেন
162, সাইফউদ্দিন অবশ্য ম্যাচটা খেলতে উন্মুখ
163,গত দুদিনে বড় ঝড়ই গেল সাইফউদ্দিনের ওপর
164, প্রশ্ন উঠেছে তাঁর চোটের বিশ্বাসযোগ্যতা নিয়ে
165, তার বিশ্রামের প্রয়োজন ছিল
166, ওর পিঠের ব্যথাটা ওকে ভোগাচ্ছে
167, সে বল করতে পারেনি
168, আমি বিশ্বকাপ জিততে উন্মুখ
169, এটা একটা বড় চ্যালেঞ্জ
170, আমাদের পাহাড় ডিঙাতে হবে
171, সেখানে তাঁর মৃতদেহও নেই বলে দাবি করেন মন্ত্রী
172, জিয়াউর রহমান হত্যার বিচারও চান তিনি
173, তাই এ নকল কবর অবশ্য অবশ্যই সরাতে হবে
174, ভিন্ন কোনো পথ নেই
175, বধ্যভূমিগুলো সংরক্ষণ করা হবে
176, এ কারণে বিপুলসংখ্যক শিক্ষার্থী ঝরে পড়বেন
177, নতুন গান ‘ওয়ার্কিং ম্যান’ মুক্তি পাচ্ছে মঙ্গলবার
178, এটি জ্যাকোর তৃতীয় একক গান
179, একই সঙ্গে অবমুক্ত হচ্ছে গানটির অডিও ও ভিডিও
180, বেশ জমজমাট একটা গান
181, সেই হিনি হামাইগরে ও বাড়িঘর থাকপারলয়
182, হামারা তার জন্নি দরখাস্ত করছি
183, কিন্তু কোনো কাম হচ্ছে না
184, সামান্য বালু তোলায় সেতুর কোনো ক্ষতি হবে না
185,রানওয়েতে বিমান ছুটছে
186, দেখা দেয় দুর্ঘটনার আশঙ্কা
187,"নোবেল বলেন, ‘ফেস আমার দ্বিতীয় ধারাবাহিক নাটক"
188, প্রথম ধারাবাহিকে কাজ করেছিলাম প্রায় এক যুগ আগে
189," বলা বাহুল্য, পক্ষে কম, অধিকাংশ মতামতই বিপক্ষে"
190," মনে রাখতে হবে, অন্ধ হলেই প্রলয় বন্ধ হবে না"
191,নারী কোটা নিয়েই শুরু করা যাক
192, নারী কোটা থাকার প্রয়োজনীয়তা নিয়ে তর্ক তাই অর্থহীন
193, কিন্তু বিষয়টা শেষ হলো না
194, তাহলে সংখ্যাটা দাঁড়াচ্ছে শূন্য দশমিক ৬
195," মেধায় যাঁরা আসবেন, তাঁরা এর বাইরে থাকবেন"
196, নাতি-পুতিদের এই সুবিধা সম্পূর্ণ বাতিল করা হোক
197, তার মধ্যে ২-৪ শতাংশ মানুষ গুরুতর প্রতিবন্ধী
198," এ নিয়ে চর্চা হোক, এই আমার প্রত্যাশা"
199,মো. তৌহিদ হোসেন: সাবেক পররাষ্ট্রসচিব
200, দ্য হিন্দু অনলাইনের খবরে এ কথা জানানো হয়
201, আগামী ১ ডিসেম্বর এ মামলার শুনানি হবে
202, আমির খান এ ব্যাপারে পাশে পেয়েছেন আরও অনেককে
203,আরও পড়ুনআমিরকে ভারত ছাড়ার কথা বলেন কিরণ!
204, এতে ২৮৫টি আপত্তি ও পর্যবেক্ষণ রয়েছে
205, এরপর বিটিআরসি একটি ১৩ সদস্যের কমিটি গঠন করে
206, আইসিএক্স অপারেটরের আয়ের অনুপাত আগের মতোই থাকবে
207, অবৈধ ভিওআইপি ঠেকানোর দায়িত্ব বিটিআরসির
208, এ বিষয়ে যেকোনো সহযোগিতা আইওএফ করবে
209, এর মধ্যে ২২টির কার্যক্রম বর্তমানে চালু আছে
210," অর্থাৎ, দুই বছরে কল আসা কমেছে ৪০ শতাংশের বেশি"
211, তারা ২০-৩০টি ব্যালট বাক্সও ভেঙে ফেলে
212, বেলা সাড়ে ১১টার দিকে পরিস্থিতি নিয়ন্ত্রণে আসে
213, দুপুর ১২টার দিকে ভোটগ্রহণ বাতিল ঘোষণা করা হয়
214,সংঘর্ষের সময়ে পুলিশ পাঁচজনকে আটক করেছে
215, তার মানে চাইলে এই প্রাণঘাতককে প্রতিরোধ করা সম্ভব
216,দুঃস্বপ্নের সেই ইতিহাস বেশি দিন আগের নয়
217, মেক্সিকোতে প্রথম লেগটি ছিল গোলশূন্য
218, তবে পুরো ম্যাচে আধিপত্য ছিল রিভার প্লেটেরই
219, ৪৫ মিনিটে আলারিও প্রথম গোলটি করেন
220, নকআউট পর্বে খেলাই অনিশ্চিত ছিল দলটির
221, শেষ ষোলোতে খেলতে তাদের ‘সাহায্য’ করেছে তিগ্রেসই
222, আমরা অনেকগুলো বাধা পেরিয়েছি
223, ঈশ্বর আমাদের পুরস্কার দিয়েছেন
224,এক দিকে ভারতকে পিষে মারার কথা বলছেন
225, কিন্তু আমরা সেটা পেরেছি
226,’ ওয়েবসাইট
227,"’ কাজী রিয়াজুল হক বলেন, মানুষ তো পণ্য নয়"
228, এটা সরকারের দায়িত্ব
229,"৤ তিনি বলেন, এ রকম নির্যাতন চলতে পারে না"
230, শরীরে তাঁদের নির্যাতনের ক্ষত অনেকে বিপর্যস্ত
231, সমাজও তাঁদের স্বাভাবিকভাবে নিচ্ছে না
232, এর মধ্যে অন্তত এক হাজার ফিরেছে এ বছরই
233, এই ক্ষোভেরও বিস্ফোরণ ঘটবে
234, এটা ঘটতে বাধ্য
235, এটা গণবিস্ফোরণের একটি অংশ
236, তারপর আমার ড্রাইভার কাপড় থেকে কাগজ দেখাল
237," বলল, আপনার কাগজ ঠিক আছে, আপনি যান"
238, তবে কাগজ ওখানে রাখবেন না
239, ব্লুবুকের ভেতরে রাখবেন
240,"’মওদুদ আহমদ বলেন, এটা তো পুলিশের কাজ"
241, ঠিক আগের মতো
242, আজকে আবার একই কাজ করছেন
243, তাঁরা সবাই শহীদ হন
244, তাঁর বাবাকে নির্দয়ভাবে মারধর করা হয়
245, তিনি ওই সময় রুটি বিক্রি করার জন্য বাজারে ছিলেন
246, তিনি হতবুদ্ধি হয়ে দাঁড়িয়ে ঘটনা দেখতে থাকেন
247, তাঁকে আজ সোমবার আবার জেরা করবে আসামিপক্ষ
248,মম এখন নিজেকে ‘আলতা’ মনে করছেন
249, কিছুদিন আগে ‘আলতাবানু’ ছবির শুটিং শেষ হয়েছে
250, এ ছবির ডাবিং নিয়ে এই মুহূর্তে তাঁর যত ব্যস্ততা
251, দিন দুয়েকের মধ্যে কাজটি শেষ হবে
252, পরিচালক অরুণ চৌধুরী
253, কাজটা মোটামুটি বেশ কষ্টসাধ্য ছিল
254, মমর ‘স্বপ্নবাড়ি’ ছবিটি মুক্তির অপেক্ষায় আছে
255," কারণ, ট্রাম্পকে ঠেকানোর এটাই একমাত্র পথ"
256,’জেরি ব্রাউনের এই সমর্থনের বিশেষ কোনো প্রভাব নেই
257, তবে হিলারির জন্য তা মূল্যবান প্রমাণিত হতে পারে
258, আবার কোনো কোনো জনমত জরিপে স্যান্ডার্স এগিয়ে
259,বেলাল মোহাম্মদ দীর্ঘদিন ধরে জটিল রোগে ভুগছিলেন
260,তিনি সেখানে নিবিড় পরিচর্যায় ছিলেন
261,পদকটি বাংলাদেশ বেতারকে দান করেন তিনি
262,এসে গেল বৈশাখ
263, বৈশাখ মানেই গ্রীষ্মের শুরু
264," আর নববর্ষ মানে ভোর থেকে ঘোরাফেরা, সাজগোজ, আনন্দ"
265, নয়তো অসুস্থ বোধ করতে পারেন
266, সে জন্য সঙ্গে পর্যাপ্ত বিশুদ্ধ পানি রাখুন
267, তাই বুঝেশুনে খান
268, ভর্তায় অতিরিক্ত ঝাল না দেওয়াই ভালো
269, বেশি মসলাযুক্ত খাবারে গরম বেশি লাগে
270, তাড়াহুড়ো করে খাবেন না
271, ধীরে ধীরে খান
272, খাওয়া শেষ করে সঙ্গে সঙ্গে পানি পান করবেন না
273, অন্তত ৩০ মিনিট বিরতি নিন
274, এগুলো অনিরাপদ
275, সঙ্গে অবশ্যই ফ্ল্যাস্কে পানি বা ফলের রস নিন
276,"গরমে চা, কফি বেশি খেলে গরম বেশি লাগে, ঘামও হয়"
277, ক্যাফেইন আরও পানিশূন্য করে দিতে পারে
278, এবার জেনে নিন বৈশাখের ঘোরাঘুরিতে কী ভালো
279,■ লেবুপানি: লেবুর পানি গরমে দ্রুত স্বস্তি এনে দেয়
280,■ তরমুজের রস: তরমুজের প্রায় ৯০ শতাংশ জলীয় অংশ
281, এটি পানিশূন্যতা দ্রুত রোধ করে
282, হজমেও সাহায্য করে
283,■ দই বা দইয়ের শরবত: গরমকালে দই খুব উপকারী
284,■ বেলের শরবত: গরমে পেট ঠান্ডা রাখে বেলের শরবত
285, পেট পরিষ্কার ও কোষ্ঠকাঠিন্য দূর করে
286, আখের রস হিট স্ট্রোক থেকে রক্ষা করে
287, পালার নির্দেশনা দেন তাপস সরকার
288, দ্বিতীয় দিন দেশ অপেরা মঞ্চে আনে নবাব সিরাজউদ্দৌলা
289, এ পালার নির্দেশনায় ছিলেন মিলন কান্তি দে
290, পরদিন একই হলে জয়যাত্রাও সিরাজউদ্দৌলা মঞ্চস্থ করে
291, দর্শক আরও যাত্রা দেখতে চান
292,গ্রেপ্তার ব্যক্তি হলেন মেহেদী হাবিব মো. রফিক
293, তাঁর বাড়ি জামালপুরের ইকবালপুর গ্রামে
294, ১০ বছর ধরে তিনি পলাতক ছিলেন
295, তবে সূচক সামান্য বেড়েছে
296, একপর্যায়ে সূচক ২০ পয়েন্ট বেড়ে যায়
297, তবে দুপুর ১২টা ২৫ মিনিটে সূচক কমে ৫ পয়েন্ট
298, এরপর আবারও ঊর্ধ্বমুখী হয় সূচক
299, শিক্ষার্থীদের এ দাবি ছড়িয়ে পড়েছে সারা দেশে
300, ‘উই ওয়ান্ট জাস্টিস’ স্লোগান চলছে চারদিকে
301, দীর্ঘ সময় এখানে থেকে সবারই ক্ষুধা লেগে গেছে
302, এটা-ওটা কিনে খাচ্ছে সবাই
303, তাই আমরা কয়েকজন এ কাজটাই করছি
304, কেউ বিস্কুট নিয়ে এসেছেন
305," তাঁর বিরুদ্ধে হত্যা, অপহরণসহ ছয়টি মামলা রয়েছে"
306, দীর্ঘদিন তিনি পলাতক ছিলেন
307, গতকাল তাঁকে পাবনা কারাগারে পাঠানো হয়েছে
308, এ ছাড়া উপজেলায় সহকারী শিক্ষকের ২৮টি পদও খালি
309," কারণ, বিদ্যালয়ে অতিরিক্ত শিক্ষক নেই"
310, প্রতি মাসেই চার-পাঁচ দিন এ রকম হয়ে থাকে
311, কিন্তু নিয়োগ হয় না
312, এ কারণে স্ত্রীসহ তাঁর বিরুদ্ধে দুদক মামলা করে
313, কিন্তু রায় ঘোষণার সময় তাঁরা পলাতক ছিলেন
314, এ বিষয়ে প্রধানমন্ত্রীর ঘোষণা চান তাঁরা
315, শিক্ষার্থীরাও বোর্ড থেকে একই মানের সনদ অর্জন করে
316, অথচ বেতন পান না তাঁরা
317, এগুলোকে সংক্ষেপে নন-এমপিও শিক্ষাপ্রতিষ্ঠান বলা হয়
318, এগুলোতে শিক্ষক-কর্মচারী ৪ লাখের বেশি
319, এগুলোতে শিক্ষক-কর্মচারীর সংখ্যা ৭৫ থেকে ৮০ হাজার
320, ফলে এ সড়কে যাতায়াতকারী মানুষের দুর্ভোগ পোহাতে হয়
321, এ জন্যই সৃষ্টি হচ্ছে যানজটের
322, পথে পাঁচ-ছয় জায়গায় যানজটে পড়তে হয়েছে
323, যানজট নিরসনে পুলিশ সর্বাত্মক চেষ্টা করেছে
324, মতবিনিময়ের অনুষ্ঠানটি স্থগিত করা হয়েছে
325, গতকাল শনিবার ভোর পাঁচটায় এ দুর্ঘটনা ঘটে
326, তবে বাকিরা পালিয়ে যেতে সক্ষম হয়
327, এ ঘটনায় থানায় মামলা দায়েরের প্রস্তুতি চলছে
328, তাঁদের প্রতিনিধিদল আগে গেছে
329, শিক্ষার্থীরা শিক্ষাসফরে গেছে
330, তাঁরা আজ যাচ্ছেন
331, ইসলামিয়া বিশ্ববিদ্যালয় থেকেও প্রতিনিধিরা আসবেন
332, শ্রোতারা তাঁদের ভালোবাসা নিয়ে কথা বলেন
333, আমিও তাঁদের সঙ্গে ভালোবাসা নিয়ে আড্ডা দিই
334, আমি শুধু তাঁদের সঙ্গে বন্ধু হয়ে কথা বলি
335,কেমন সাড়া পাচ্ছেন? অনেক অনেক সাড়া পাচ্ছি
336," এত সাড়া পাব, তা আগে ভাবিনি"
337," কারণ, আমি শুধু অভিনয় আর মডেলিং করতাম"
338, তাই রেডিও জকির পরিচয়টি আমার দ্বিতীয় ভালোবাসা
339, এরপর মডেলিং
340,আর কী নিয়ে ব্যস্ত আছেন এখন? এটা তো নিয়মিত অনুষ্ঠান
341, এ ছাড়া বেছে বেছে প্যাকেজ নাটক করছি
342, ধারাবাহিক করছি না; কারণ আমার স্নাতক এখনো শেষ হয়নি
343, তাই পড়ালেখায় আগে সময় দিই
344, টেলিভিশনে একটি নিয়মিত নাচের অনুষ্ঠান করছি
345, নাম ‘হলো স্টারস’
346, এটাও আমাকে বেশ অবাক করেছে
347," আশা করছি, সংখ্যাটা আরও বাড়বে"
348,সাক্ষাৎকার: সৈয়দা সাদিয়া শাহরীন
349, গতকাল রোববার তাকে আটক করা হয়
350, তিনি তল্লাশি চালিয়ে ফেনসিডিলসহ শাহ আলমকে আটক করেন
351, ব্যবহূত মোটরসাইকেলটিও জব্দ করেন
352, পরে পুলিশ তাদের সড়ক থেকে সরিয়ে দেয়
353,"শিক্ষার্থীদের অভিযোগ, তাদের পরীক্ষা ভালো হয়েছিল"
354, সবাই ফেল করার কথা নয়
355, এ সময় তারা সড়কে গাছের গুঁড়ি ফেলে আগুন ধরিয়ে দেয়
356, সড়কে সব ধরনের যান চলাচল বন্ধ হয়ে যায়
357, দুটি প্রতিষ্ঠানের শিক্ষকেরা বোর্ডে যোগাযোগ করছেন
358, আশা করা যায় শিক্ষার্থীদের সঠিক ফল পাওয়া যাবে
359, সেখানেই ডোনাল্ড ট্রাম্পের সঙ্গে ছিলেন ইভানকাও
360, উদ্যোক্তাদের বিভিন্ন চ্যালেঞ্জ আছে
361,’তবে ওই একটি ছবিই নয়
362, ওই অনুষ্ঠানের আরেকটি ছবি ‘ভাইরাল’ হয়েছে
363,অনেকে সেই ছবি নিয়ে টুইটারে ঝড় তুলেছেন
364, ফলে অপরাধীরাও থেকে যাচ্ছে ধরাছোঁয়ার বাইরে
365, একপর্যায়ে তাঁকে লাঞ্ছিতও করা হয়
366, প্রায় সময় আমাদের হুমকি-ধমকি দেওয়া হয়
367, অনেক লোকবলের প্রয়োজন
368, বিরাজমান সমস্যা সমাধানে যথাসাধ্য চেষ্টা করা হচ্ছে
369, ধীরে ধীরে সব ঠিক হয়ে যাবে
370, কিন্তু মারুফ চাঁদা না দেওয়ায় ক্ষিপ্ত ছিলেন রাজা
371, বিক্ষোভ এখনো চলছে
372, দীর্ঘ দিন ধরে তিনি নানা অপকর্ম করে আসছিলেন
373, আজ মারুফকে কুপিয়ে আহত করেছেন
374, এ কারণেই এলাকাবাসী সড়ক অবরোধ বিক্ষোভ করছেন
375, এগুলো জাতে ‘আসলি’ বা যোদ্ধা মোরগ
376, ‘আসিল মোরগ’ নামেও পরিচিতি আছে
377, এখন তিনি পালন করেন
378, বাকিগুলো বাড়িতেই ডিম ফুটে ছানা হয়েছে
379, যে কারণে এটার বাজারদর এখন ৫০ হাজার টাকার বেশি
380," ইমতিয়াজউদ্দীনের বক্তব্য, এটাই আসল আসলি"
381," যেমন লাকা আসলি, মুরগিপর আসলি, কালো আসলি ইত্যাদি"
382, চলে জুন-জুলাই পর্যন্ত
383, যা পরবর্তী সময়ে আসলি মোরগ নামে পরিচিতি পায়
384, যা পরে দেশের অনেক এলাকায় ছড়িয়ে পড়ে
385, ধনাঢ্য ব্যক্তিরা ছিলেন মোরগ লড়াইয়ের পৃষ্ঠপোষক
386, তাই একে শাহি শখ বলা হতো
387, ধনীদের এই আয়োজনে অংশ নিত ভিনদেশি জাতের মোরগ
388, আর দেশি মোরগের লড়াই ছিল সাধারণের আয়োজন
389, এরপর চলে বিশেষ প্রশিক্ষণ
390, একটা মোরগ কমপক্ষে দুই ঘণ্টা লড়াই করতে পারে
391, কিন্তু সূচিতে বিশ্বকাপের কোনো ম্যাচ নেই
392, আর এটা জেনে ফুঁসে উঠেছে গোটা কক্সবাজার
393, এতে জেলার ২৪ লাখ মানুষ হতাশ
394, বক্তব্য দিতে গিয়ে কান্নায় ভেঙে পড়েন তিনি
395, উদ্দেশ্য ছিল বিশ্বকাপের ম্যাচ পাব
396, বাড়বে বিদেশি বিনিয়োগ
397, হোটেলের রয়্যাল মেথোনি ভিলায় ছিলেন পর্তুগিজ তারকা
398, স্কুলটির শিক্ষকেরা ক্লাসে দাঁড়িয়ে শিক্ষা দেন না
399," কারণ, বেশির ভাগ সফটওয়্যারই চলে ক্লাউডে"
400, নিউসায়েনটিস্ট
401, জয়ী দলের দুটি গোল করেন মিরাজ
402, অন্য দুটি গোল সুলতান ও ডালিমের
403, সেই মিছিলে এরশাদ অংশ নেন
404, ১ ফেব্রুয়ারি জামিন পান এরশাদ
405, এ ছাড়া এরশাদ কোনো সহিংস ঘটনার সঙ্গে জড়িত নন
406, এর পরও পুলিশ এরশাদকে বিভিন্ন মামলায় আসামি করছে
407, তবে জিজ্ঞাসাবাদের পর তাঁকে ছেড়ে দেওয়া হবে
408, এসব তথ্য পরে বিশ্ব গণমাধ্যমে প্রকাশিত হয়
409, এরপর থেকে তিনি সেখানেই ছিলেন
410, বর্তমানে তিনি লন্ডনের বেলমার্শ কারাগারে রয়েছেন
411, বিজ্ঞপ্তি
412, পুলিশও আত্মরক্ষার্থে গুলি ছোড়ে
413, তবে তাঁর সহযোগীরা পালিয়ে যেতে সক্ষম হন
414, তিনি জয়পুরহাট আন্তজেলা ডাকাত দলের সর্দার
415,কিক ছবিতে এই দুজনকে রুপালি পর্দায় একসঙ্গে দেখা যায়
416, এই জুটির রসায়ন নজর কাড়ে দর্শকদের
417, তবে এরপর আর দুজন দাঁড়াননি এক ক্যামেরার সামনে
418, সে অসাধারণ মেধাবী নাচিয়ে
419, খুব ভালো কাজ করবে
420, এই চরিত্রে অভিনয়ের জন্য শিল্পী খোঁজা হচ্ছে
421, আর এর জন্য সালমানকে নাচ শেখাবেন জ্যাকুলিন
422, ছবির নাম এখনো ঠিক হয়নি
423, সূত্র: ইন্ডিয়ান এক্সপ্রেস
424, ভুল হলে অনিচ্ছাকৃতভাবে হয়েছে
425, প্রতিবেদন পাওয়ার পর ব্যবস্থা নেওয়া হবে
426, ওই সময় উজ্জ্বলকে যৌতুক দেওয়া হয়
427, এতে অপারগতা প্রকাশ করলে ক্ষিপ্ত হয়ে ওঠেন উজ্জ্বল
428, এ সময় গুরুতর জখম চাম্পা সংজ্ঞা হারিয়ে ফেলেন
429, তাঁর শরীরে ১২৪টি জখম রয়েছে
430, তবে বর্তমানে সে শঙ্কামুক্ত
431, তার পক্ষ থেকে অভিযোগ আসলেই আমি আইনগত ব্যবস্থা নেব
432,নিহতের নাম সেলিনা আক্তার (৩২)
433, তাঁর দুই মেয়ে ও এক ছেলে রয়েছে
434," খাবারের তালিকায় ছিল গরুর মাংস, রুই মাছ, ডাল ও দই"
435, এসব খাবার বাইরে থেকে মাদ্রাসায় সরবরাহ করা হয়
436, মাদ্রাসা কর্তৃপক্ষ খাবারদাবারের আয়োজন করেছে
437, আহত কমপক্ষে ১৫ জন
438, সাইফুল ইসলাম চালকের সহকারী ছিলেন
439, এতে এ দুর্ঘটনা ঘটে
440, বিজ্ঞপ্তি
441, পিচ ঢালাই উঠে এবড়োখেবড়ো অবস্থা সড়কের
442, পরে ২০১১ সালে এর সংস্কার করা হয়
443,ইসলামপুর এলাকায় সড়কের মধ্যে বড় বড় গর্ত হয়েছে
444, গাড়ি পেতে এলাকার মানুষের খুব কষ্ট হয়
445,মাঠেরহাট এলাকায়ও দেখা গেল সড়কের বেহাল দশা
446, এটি সংস্কার করারও কোনো উদ্যোগ দেখা যাচ্ছে না
447, শিগগির কাজ শুরু করা যাবে
448,বাঙালি জাতির জীবনে আজ এক গৌরবদীপ্ত দিন
449, মহান স্বাধীনতা ও জাতীয় দিবস
450, বাঙালি লাভ করে চিরকাঙ্ক্ষিত স্বাধীনতা
451, পৃথিবীর মানচিত্রে অভ্যুদয় ঘটে স্বাধীন বাংলাদেশের
452, আজ সরকারি ছুটি
453, আমাদের ওপর জনগণের এ আস্থার পূর্ণ মর্যাদা আমরা দেব
454, তিনি হেফাজতে ইসলামের মহাসচিব
455, সর্বশেষ ২০১২ সালে শুরার বৈঠক অনুষ্ঠিত হয়
456, এ অর্থায়ন সুনির্দিষ্ট প্রকল্পে ব্যয় হয়
457, এখন সরকার বাজেটের জন্য সহায়তা চাইছে
458, সে বিষয়ে বিশ্বব্যাংক সহায়তা করবে
459, এর খসড়া তৈরির কাজ চলছে এখন
460, অর্থাৎ কবে তারা টাকাটা দেবে
461, সংস্থাটির সঙ্গে বড় বড় কর্মসূচি হবে
462, বিশ্বব্যাংক সব সময়ই বাংলাদেশের উন্নয়ন-সহযোগী
463, আর চরম দারিদ্র্যের হার ১২ শতাংশের একটু বেশি
464, যেমন মফস্বলে হত্যাকাণ্ড কমছে
465, তবে ঢাকায় বাড়ছে
466,চাল ও আটা কিনতে পারবেন মাত্র ২০০ জন
467, কিন্তু সারিতে দাঁড়িয়ে আছেন হাজারো মানুষ
468," কেউ এসেছেন ভোররাতে, কেউ সকাল ছয়টায়"
469, কিন্তু মন্ত্রণালয় প্রশাসনকে এখনো কিছু জানায়নি
470, জেলায় বিক্রয়কেন্দ্র খোলা হয়েছে ৪২টি
471, মানুষের ঘরে তো এক বেলা খাবারের ব্যবস্থা নেই
472, আজ তিনি আশাবাদী
473," কারণ, ভোর ছয়টায় এসে দাঁড়িয়েছেন"
474, তবে গোদারগাঁও গ্রামের ইছাক আলী হতাশ
475," তবুও আছি, দেখি পাই কি না"
476, আশপাশের মানুষই চাল-আটা কিনছে বেশি
477, পরে নতুন করে আরও দুজন ডিলার সেখানে নিয়োগ করা হয়
478, আমরা ২০০ জনের বেশি লোকের কাছে বিক্রি করতে পারি না
479, অন্যদের খালি হাতে ফিরতে হয়
480, এখনো সিদ্ধান্ত আসেনি
481, কিন্তু এই কর্মসূচি এখনো চালু হয়নি
482, ক্রিকেট-বিশ্বে ক্রিকেট অস্ট্রেলিয়ার মুখও তিনিই
483, তবে চুপ থাকার নিরাপদ পথ বেছে নেয়নি ফিকা
484, খেলাটার বৈশ্বিক স্বার্থে এটি করা হয়নি
485, ক্রিকেটের বৈশ্বিক নেতৃত্বকে উন্নত করতে হবে
486,’ ওয়েবসাইট
487, সেনাবাহিনী সেখানে সড়ক যোগাযোগ তৈরি করছে
488, এ ছাড়া আগুন লাগার ঝুঁকি তো আছেই
489, কিন্তু ত্রাণশিবিরে গেলে আর ফিরতে পারবেন না
490,আবর্জনা গড়িয়ে পড়া নালার পাশেই আবদুর রহমানের ঝুপড়ি
491, এই পলিথিন স্থানীয় বাজার থেকে কেনা হয়েছে সস্তা দরে
492, এখন সব ঝুপড়ির ওপরেই এই সাদা ত্রিপল দেওয়া হচ্ছে
493, বৃষ্টি হলে তা ছাউনির ভেতর ঢুকে পড়ে
494, কোনো কোনো ছাউনি অবশ্য চারদিকেই ঢাকা
495, কিন্তু তারা পাচ্ছে মাত্র ১ হাজার ৬২০ কিউবিক মিটার
496, দিনের বেলার এর ভেতরে থাকা যায় না
497," কারণ, রোহিঙ্গারা তাঁবুতে অভ্যস্ত নয়"
498, রোহিঙ্গারা সেই তাঁবুতে থাকেনি
499," তাদের অভিযোগ, তাঁবু খুব গরম"
500, কালো রঙের পলিথিন যেন সূর্যকে ধরে রেখেছে
501, এটা কোনো মানুষের জীবন হতে পারে না
502," কত দিন সময় লাগবে, সেটা কি কেউ বলতে পারবে?"
503, সব আলো তাঁর দিকে
504, সারা বিশ্বের সংবাদমাধ্যমে মেসি আজ আলোড়ন
505, সামাজিক মাধ্যমের ট্রেন্ড
506, দেশকে একাই বিশ্বকাপে তোলা চাট্টিখানি কথা নয়
507,অথচ ম্যাচ শেষে মেসি একবারও নিজের কথা বললেন না
508," বুঝিয়ে দিলেন বারবার, দলটা ‌১১ জনের"
509, ভালোর ভাগ ১১ জনের
510, নিজের কথা সেভাবে বলেন না কখনোই
511," সে জন্য ঈশ্বরকে ধন্যবাদ, আমরা লক্ষ্য পূরণ করেছি"
512,’বিশ্বকাপে যেতে মুখিয়ে ছিলেন
513, এই দলটা বিশ্বকাপে খেলার যোগ্যতা রাখে
514, এতে উপকারই হয়েছে
515, কিন্তু শিরোপাটাই জেতা হয়নি
516, আমরা এবার বিশ্বকাপে খেলার সুযোগ পেতেও ভুগেছি
517, আশা করছি এবার তা (বিশ্বকাপ) জিততে পারব
518, আজকের দিনটা আমাদের জন্য গুরুত্বপূর্ণ
519,"’মেসি নিজে জানেন, এই ফুটবল দিয়ে লক্ষ্য পূরণ হবে না"
520, তবে আপাতত প্রথম ধাপটা পার করাতে চেয়েছিলেন
521, এখন দল গুছিয়ে নেওয়ার যথেষ্ট সময় তো মিলবে
522, আর তখন একটাই গণপরিষদ কার্যকর হতো
523, সেটি হলো পাকিস্তান গণপরিষদ
524, ১৯৭১ সালে বাংলাদেশে মুক্তিযুদ্ধ হয়েছিল
525, আমরা তাঁদের চিরদিন স্মরণ করব
526, আমরা সেই আদর্শকে অনুসরণ করব
527, এ জন্যই তাঁদের আমরা স্মরণ করব
528, তাঁদের কাছে আমরা ঋণী
529, দেশের কল্যাণের জন্য নিজেদের প্রস্তুত করতে হবে
530, দানশীলতার জন্য তাঁকে দানবীর বলা হয়
531, তারপর গুলি করে হত্যা করে
532, এভাবেই তিনি শহিদ হন
533,প্রশ্ন: দুজন শহিদ সাংবাদিকের নাম লেখো
534, এরপর বিদ্যালয়টি আর মেরামত করা হয়নি
535, তিনি বিষয়টি স্থানীয় নির্বাচন কর্মকর্তাকে জানান
536, বিষয়টি তদন্ত করে দেখা হবে
537, তিনি বিষয়টি তদন্ত করে প্রতিবেদন দেবেন
538,একটু যেন আফসোসই হচ্ছে তাঁর
539, খ্যাতির উপজাত হিসেবে নিয়ে আসে বিড়ম্বনাও
540, এ কারণে সে রকম পরিচিতি ছিল না লারসনের
541, এক রুম তাঁকে বিশ্বজোড়া খ্যাতি এনে দিয়েছে
542, একের পর এক পুরস্কার জিতছেন
543, যেটা আমার জন্য ছিল ডাঙায় মাছের ছটফটানির মতো
544," চেয়েছি অচেনা কেউ হয়ে থাকতে, যাকে চোখেই পড়ে না"
545,’ ইনডিপেনডেন্ট
546, ‘না’ করে দিয়েছিলেন সঙ্গী আহমেদ শেহজাদ
547, ইমরুল দৌড় শুরু করতেই দুর্ঘটনা
548, বলটাও হয়েছে ‘ডেড’
549, ৩৫ রানে ইমরুল আউট হয়েছেন দিলশানের বলেই
550, বিলওয়াল ভাট্টির বলে ফেরার আগে শেহজাদ করেছেন ৩৭
551, সাতের ওপর রান রেট নিয়ে উদ্বোধনী জুটিতে এসেছে ৫১
552, এ গতিতে এগোতে পারলে বড় স্কোরই হতো চিটাগংয়ের
553, ৪২ বলে লঙ্কান ব্যাটসম্যানের রান ৩৯
554, সড়কজুড়ে ছোট-বড় গর্ত রয়েছে
555, এতে যান চলাচল বাধাগ্রস্ত হচ্ছে
556, প্রকৌশল বিভাগ গতকাল রাত থেকেই এ কাজ শুরু করেছে
557, আবদুল মতিন মুঠোফোনে আমাকে ডেকে মারধর করেছেন
558, তিনি শুনে ঘটনাস্থলে গিয়ে তাঁকে উদ্ধার করেন
559, তাঁকে মারধর করার বিষয়টি তিনি জানেন না
560, এ বিষয়ে কেউ থানায় কোনো অভিযোগ করেননি
561, তাঁরা প্রত্যেকেই আলাদাভাবে জবাব দেন
562, আমার বক্তব্য সেইভাবেই উপস্থাপন করা হয়েছে
563, প্রত্যেকে আলাদাভাবে জবাব দিয়েছি
564, ১৯৩ জনই নেদারল্যান্ডসের নাগরিক
565," খবর এএফপি, বিবিসি, এপির"
566, নেতৃত্ব দিয়েছেন নেদারল্যান্ডসের তদন্তকারীরা
567, এরপর তারা রাশেদুলকে টেনেহিঁচড়ে নামায়
568, এ সময় তাঁকে হাতুড়ি দিয়ে পেটানো হয়
569, আর ইউসুফকে মারপিট করে সেখান থেকে তাড়িয়ে দেওয়া হয়
570, অন্য একজন আমার পায়ে ধারালো অস্ত্র দিয়ে আঘাত করে
571, ওই সময় বাড়িতে কয়েকজন আত্মীয় ছিলেন
572," খবর এএফপি, রয়টার্স ও বিবিসির"
573," বলেছেন, ‘ইউরোজোনের অন্যরা চায়, আমি পদে না থাকি"
574, তাতেই এই পদত্যাগ
575, এই অর্থ পেতে শর্ত জুড়ে দেয়
576, এর পরিমাণ ১৬৯ বিলিয়ন ইউরো
577, প্রস্তাবের পক্ষে সমর্থন দেন ৩৯ শতাংশ ভোটার
578, আহত হয়েছেন কমপক্ষে ২৭ যাত্রী
579, বাসটি নভসারি থেকে উকাই যাচ্ছিল
580, এ ঘটনার পর নদী থেকে ৩৭ জনের লাশ উদ্ধার করা হয়েছে
581, আহতদের নভসারির বিভিন্ন হাসপাতালে পাঠানো হচ্ছে
582, ২০১৭ সালের মার্চ মাসে এর মেয়াদ শেষ হবে
583,সম্মিলিত প্রয়াস বলাই ভালো
584, কিন্তু আলাদাভাবে নিতে হবে মারলন স্যামুয়েলসের নাম
585, সূত্র: রয়টার্স
586,"যেখানে-সেখানে পড়ে আছে ইট, লোহা ও কাঠের টুকরা"
587, এরই মধ্যে বেড়ে উঠছে চারা গাছ
588, বনকর্মীরা গাছের পরিচর্যা করে যাচ্ছেন
589, মাঝেমধ্যে বেশ কিছু চারা মারা গেছে
590, বনভূমি পালাক্রমে পাহারা দিচ্ছেন সাতজন বনকর্মী
591, ইট-লোহার কারণে গাছের বৃদ্ধিটা একটু কম হচ্ছে
592, কিছু কিছু মারাও যাচ্ছে
593, আমরা আবার নতুন করে চারা লাগিয়ে দিচ্ছি
594, ভাঙা ভবন দুটি এখনো আছে
595, গাছগুলো এখন বেড়ে উঠছে
596, উচ্ছেদ কাজ শেষ
597, সেটা কয়েক মাসের মধ্যে হয়ে যাবে
598, মামলাটি বর্তমানে তদন্তাধীন
599, এর ফলে ওই জায়গা দিয়ে তীব্র গতিতে গ্যাস বের হচ্ছে
600, আজ বিকেল সাড়ে পাঁচটার দিকে ঘটনাটি ঘটে
601, আগামীকাল সকালে (আজ সোমবার) মেরামত কাজ শুরু হবে
602,কাল জার্মানির নির্বাচন
603, তবু নির্বাচন
604, সুতরাং নির্বাচনের খাতিরে বাড়তি ছুটির বরাদ্দ নেই
605, এই ভোটাররা প্রত্যেকে দুটি করে ভোট দিতে পারবেন
606, একটি ভোট প্রার্থীকে অপরটি দলকে
607,হোসে মরিনহোর সেই কথাটাই সত্যি হতে চলেছে
608,নেইমারের বেলায় পারেনি সত্যি
609, আগ্রহ দেখান নটিংহাম ফরেস্টের কোচ বিলি ডেভিসও
610, বোঝাই যাচ্ছে বেল সুযোগটা নষ্ট করতে চায় না
611, কারণ সে রিয়াল মাদ্রিদের ফুটবলার নয়
612, দেখা যাক কী হয়
613, পাকা কথা হয়ে যেতে পারে ওখানেই
614,’এটা লাউড্রপের কথা
615, আমি ওকে কখনো পুরো ম্যাচ খেলতে দেখিনি
616,’ ওয়েবসাইট
617, পুলিশ জোর করে ওই টাকা নিয়ে যায়
618, খবর পেয়ে অতিরিক্ত পুলিশ ঘটনাস্থলে যায়
619, এমরান ইউনিয়ন যুব লীগের সাধারণ সম্পাদক
620, তবে কাউকে হয়রানি করেননি
621, টাকাপয়সাও লুট করেননি
622, তবুও এএসআই আবু কালাম আজাদকে ক্লোজ করা হয়েছে
623, কিন্তু টেস্টে বড় স্কোর হচ্ছিল না
624, অবশ্যই খুব ভালো লাগছে
625, টেস্ট ক্রিকেটই সবচেয়ে গুরুত্বপূর্ণ সংস্করণ
626, সেটাই আমি চ্যালেঞ্জ হিসেবে নিয়েছি
627, চাপটা আমি নিজেই নিয়েছি
628, ১৬ রান করে ফিরে গেছেন ওপেনার রাজেন্দ্র চন্দ্রিকা
629, ভারতের চেয়ে এখনো ৪০৯ রানে পিছিয়ে আছে ক্যারিবীয়রা
630, ফলোঅন এড়াতে করতে হবে আরও ২১০
631, তিনি আউট হয়ে গেছেন ৭৪ রানে
632, ৪১ রানে ৪ উইকেট পেয়েছেন এই পেসার
633,দুদকের পক্ষে ছিলেন আইনজীবী সৈয়দ মামুন মাহবুব
634, ফলে তদন্ত চলতে আইনগত কোনো বাধা নেই
635, পাসের হারে ছেলেদের চেয়ে এবারও মেয়েরা এগিয়ে রয়েছেন
636, পাস করেছেন ৮৭ হাজার ৭২০ জন
637, পাসের হার ৭৮ দশমিক ৫৫ শতাংশ
638, গতবার এই হার ছিল ৭৭ দশমিক ৬৯ শতাংশ
639, এর মধ্যে ছেলে ৩ হাজার ৯৮৩ ও মেয়ে ৩ হাজার ৬৫৮ জন
640, গতবার জিপিএ-৫ পেয়েছিলেন ৭ হাজার ৬৬৬ জন
641, এর মধ্যে ছেলে ৩ হাজার ৮৫০ আর মেয়ে ৩ হাজার ৮১৬ জন
642, অভিভাবকদের সচেতনতা বাড়ছে
643, একাডেমিক ক্যালেন্ডার করছেন
644,"’ তাঁর ধারণা, এসব কারণেই পাসের হার বাড়ছে"
645, পড়াশোনায় বেশি মনোযোগ দিতে পারে
646, প্রতিযোগিতামূলক পরীক্ষায় টিকতে পারছে না
647, এ জন্যই জিপিএ-৫-এর সংখ্যা হয়তো একটু কমেছে
648, সদস্যসচিব থাকবেন জেলার পশুপালন অধিকর্তা
649, সেই লক্ষ্যে ইতিমধ্যে কাজও শুরু করেছে জেলা প্রশাসন
650,প্রথমেই নির্জলা সংবাদটা বলে ফেলা যাক
651," ব্যস, এটুকুতেই শেষ হয়ে যেতে পারত এ খবরটি"
652,বিজয়ীর নামটাই ঝামেলা বাধিয়ে দিয়েছে
653, ভেবেছিলেন এবার শুধু অবসর নেওয়াটাই বাকি
654, সে তুলনায় কালকের জয় তো মামুলি
655," এই যে পরিবর্তন, এটা নাটকীয়"
656,’এ শিরোপাটা আলাদা করেই রাখছেন ফেদেরার
657, পুরো প্রতিযোগিতায় কোনো সেটে হারেননি
658," অস্ট্রেলিয়ায় যতটা অবাক হয়েছিলাম, ততটা হইনি"
659,মাননীয় প্রধানমন্ত্রী বাজিয়ে দিলেন রণ-তূর্য
660, আর দন্তহীন আজ্ঞাবহ নির্বাচন কমিশন তো থাকছেই
661, এ জন্য সবাইকে আন্তরিকভাবে কাজ করতে হবে
662, সে তো আরও মজা
663," বলিহারি, ‘লেভেল প্লেয়িং ফিল্ড’"
664, সমঝোতার আর কোনো পথ খোলা থাকল না
665," অর্থাৎ সংসদ নেতা আগেই জানিয়ে দিলেন, নৈবচ নৈবচ"
666,আরও পড়ুন.... বিএনপি শেষ পর্যন্ত নির্বাচনে আসবে
667, তাঁর বাড়ি উপজেলার জগাতলা গ্রামে
668, বিষয়টি নিয়ে তাঁদের সঙ্গে বিরোধ চলছিল
669,"রাজিয়া খাতুনের দাবি, রাতে কেউ তাঁকে হত্যা করেছে"
670," অন্যথায়, বিশ্ববিদ্যালয় আইনের দ্বারস্থ হতে বাধ্য"
671,আমাদের দেশে ঘুণে ধরা শিক্ষার চলনবলন
672, তাই সবাইকেই থাকতে হয় শিক্ষাক্ষেত্রে সচল
673, আর এভাবেই তো তিল থেকে তাল হয়
674,  sajal_c@yahoo.com
675, ১৪২ পর্যন্ত আসতেই তাই তাঁদেরও ৫ উইকেট নেই
676, যাদের বিপক্ষে ১২ ইনিংসে তাঁর ৭৯৭ রান
677, পুরো টেস্টে একই চিত্র
678, নতুন করে পাস করেছে ৪৪ শিক্ষার্থী
679, এ নিয়ে এ বোর্ডে মোট পাস করেছে ৭৩ হাজার ২৬৫ জন
680, অন্যান্য বারের তুলনায় এবার বেশি ভুল-ত্রুটি হয়েছে
681, সবচেয়ে বেশি আবেদন জমা পড়ে গণিত বিষয়েরে জন্য
682, এ বিষয়ে ৪ হাজার ২৮৬টি আবেদন জমা পড়ে
683, এবার খালি মাঠে গোল দিতে দেব না
684, কিন্তু তাঁর স্বামী অপুর অভিজ্ঞতা নতুন
685, আর মাহি ছিলেন রোমাঞ্চিত
686, তবে এটাই শেষ নয়
687, আপাতত এ দুটি অনুষ্ঠানের খবরই দিলেন মাহিয়া মাহি
688, পরে অবশ্য আমার উপহার দেওয়া পাঞ্জাবিটাই পরেছিল
689, চিকিৎসাসেবা বন্ধ থাকায় দুর্ভোগে পড়েছেন রোগীরা
690, পরে মানববন্ধন করেন
691, বহির্বিভাগ বন্ধ থাকায় রোগীরা দুর্ভোগে পড়ছেন
692, কিন্তু এতে সাড়া দেয়নি মিয়ানমার
693, আত্মরক্ষার্থে পুলিশও পাল্টা গুলি ছোড়ে
694, এতে গুলিবিদ্ধ হন লিটু
695, আমি আবেগ নিয়ন্ত্রণ করতে পারিনি
696, এর জন্য ক্ষমা চাইছি আমি
697, আমি খেলেছি—এমন সিরিজগুলোর মধ্যে অন্যতম সেরা
698, ভারতকে কৃতিত্ব দিতে হবে
699," অসাধারণ এক দল তারা, বিশেষ করে নিজেদের মাঠে"
700,’ সিরিজটি অস্ট্রেলিয়া হেরেছ ২-১ ব্যবধানে
701, তাদের এতটা চ্যালেঞ্জ জানাতে পেরে আমি গর্বিত
702, অনেক মানুষই আমাদের সিরিজ শুরুর আগেই উড়িয়ে দিয়েছিল
703," তারা বলেছিল, আমরা ৪-০-তে হোয়াইটওয়াশ হব"
704, গতকাল শনিবার এই ঘটনা ঘটে
705,মান্নাদাকে বাবার মতো শ্রদ্ধা করতাম
706," তিনিও আমাকে কন্যার মতো ভালোবাসতেন, আদর করতেন"
707, মান্নাদা বরাবরই ক্লাসিক্যাল গান বেশি পছন্দ করতেন
708, আমারও তা পছন্দ ছিল
709, সেই কারণে মান্নাদার প্রিয়পাত্র হয়ে উঠেছিলাম
710, তাঁর অনেক গান গেয়েছি
711, দ্বৈতকণ্ঠেও গান গেয়েছি
712, তাঁর সুরারোপিত বহু গান গেয়েছি
713, একবার আমার সুর করা একটি গানেও কণ্ঠ দিয়েছিলেন তিনি
714, এখনো আমার স্মৃতিতে ভেসে উঠছে অতীত দিনের নানা কথা
715,১৯৭২ সালের কথা
716, তখনই প্রথম পরিচয় হয় মান্না দের সঙ্গে
717, তখন থেকেই মান্নাদার ভক্ত হয়ে যাই
718, পাই তাঁর আশীর্বাদ
719,মান্নাদা ছিলেন বিরাট মাপের শিল্পী
720, সংগীতের মহিরুহ
721, তার গভীরতা পরিমাপ করা যায় না
722, ছিলেন বড় হূদয়ের মানুষ
723, কিন্তু এক মুহুর্তের জন্যও ভুলতে পারেননি কলকাতাকে
724, কলকাতায় তাঁর জন্ম
725, কলকাতায় বেড়ে ওঠা
726, সংগীতের হাতেখড়ি
727, তাই মুম্বাইয়ে থাকলেও মন পড়ে থাকত কলকাতায়
728, ডাক পেলেই আসতেন
729, আমার বাসায়ও এসেছেন
730, কলকাতায় এলেই ডুবে থাকতেন বাঙালি খাবারে
731, পছন্দও করতেন বাঙালি বেশভূষা
732,মান্নাদা বহু ভাষায় গান গেয়েছেন
733, তিনি স্বচ্ছন্দে বাংলায় কথা বলতেন
734, ভালো রবীন্দ্রসংগীত গাইতেন
735,আজ মান্নাদা নেই
736, সব কিছুই ফাঁকা লাগছে
737, সারা মনজুড়ে তাড়িয়ে বেড়াচ্ছে তাঁর নানা স্মৃতি
738, কিন্তু তা আর করা হলো না
739, মান্নাদাকে শেষ দেখা দেখতে পারল না কলকাতাবাসী
740, জানাতে পারল না শেষ শ্রদ্ধা
741, দিতে পারল না তাঁর নশ্বর দেহে ফুল-মালা
742," এ দুঃখ, এ লজ্জা ঢাকব কী করে?"
743, প্রধানমন্ত্রী ওর ব্যাপারে খুবই আন্তরিক
744, সব খোঁজখবর নিলেন
745, তোমরা তো আমাদের দেশের সম্পদ
746, আমরা তাঁর দীর্ঘায়ু কামনা করছি
747, সেখানে একটি অনুষ্ঠান ছিল
748, ট্রেনেই অসুস্থ হয়ে পড়েন তিনি
749," রেডিও, টেলিভিশন, চলচ্চিত্রে নিয়মিত গাইছেন এখনো"
750, সংগীতে অবদানের জন্য এ বছর একুশে পদক পান তিনি
751,তীব্র দাবদাহে জ্বলছে কলকাতা
752, বৃষ্টি নেই
753, প্রচণ্ড গরমে জীবন হাঁসফাঁস
754, এতে শুরু হয়েছে তীব্র তাপপ্রবাহ বা দাবদাহ
755, বিশেষ করে গ্রামীণ এলাকায়
756, শিশুরা সবচেয়ে বেশি ভোগান্তির শিকার হচ্ছে
757, কিছুই খায়নি
758, বৃষ্টি হয়নি
759, প্রচণ্ড দাবদাহে জ্বলেছে বিভিন্ন গ্রাম
760, বিধ্বস্ত হয় বহু কাঁচা ঘরবাড়ি ও গাছপালা
761, বিভিন্ন ফসলের ব্যাপক ক্ষয়ক্ষতি হয়েছে
762, এতে ঘরের নিচে চাপা পড়ে রইছ উদ্দিন গুরুতর আহত হন
763, এ বোরো ধানের ব্যাপক ক্ষতি হয়
764, পারলে তিনিই পারবেন
765,মো. আরিফঢাকা
766, বক্তব্যের শেষ দিকে তিনি বাংলায় কথা বলেন
767, বাংলা নববর্ষের শুভেচ্ছাও জানান
768,মিলনায়তনে ঢোকার আগেই ভেসে আসে বাংলা গানের সুর
769, একটু খটকা লাগল
770," কারণ, অনুষ্ঠানটির নাম ‘চার্ম অব কোরিয়া’"
771, তবে তার ব্যত্যয় ঘটেনি
772, উং সান মঞ্চ উঠতেই করতালিতে ফেটে পড়ে মিলনায়তন
773, সুরের জালে বন্দী করেন দর্শকদের
774, কোরিয়ান এই সংগীতশিল্পী ১১টি গান করেন
775,সিরাজুল হক বাসায় সকালের নাশতা করেন খুব কম
776, পুরান ঢাকার খাবারের ঐতিহ্য নতুন নয়
777, রেস্তোরাঁটির বয়স ৫৮ বছর
778," রুটি, পরোটা আর ভাজিটাই বেশি চলে"
779,’ তাঁদের পাঁচফোড়নের খিচুড়ির ভক্তও অনেকে
780," এ ছাড়া হালুয়া, ডাল, ডিমও পাওয়া যায় সকালের নাশতায়"
781, সঙ্গে বাড়তি রয়েছে নানা স্বাদের মিষ্টি
782, ২৭ থেকে ৫০ টাকায় একজনের নাশতা হয়ে যায়
783, তবে এ খাবারগুলো সব সময়ই পাওয়া যায়
784, স্থানীয় ব্যক্তিদের কাছে বেশ জনপ্রিয়
785," তিনি বলেন, দোকানের বয়স প্রায় ৯০ বছর হবে"
786, সকালে নাশতা খেতে অনেকেই আসেন
787," এখানে পাওয়া যাবে লুচি, ডাল, ডিমের মামলেট আর চা"
788, ১৪ থেকে ৩৫ টাকায় একজনের খাওয়া হয়ে যাবে
789, নয়টা থেকে ভিড় বেড়ে যায়
790, গোলাম মাওলা ১০ বছর ধরে এ দোকানে আসেন
791," বললেন, ‘এখানেই খাওয়া পড়ে বেশি"
792, এটিও নর্থব্রুক হল রোডে অবস্থিত
793, নিজে ১৭ বছর ধরে এখানে নাশতা করেন
794, তাই ভিনদেশি স্বজনকেও সেখানে নিয়ে এসেছেন
795," বললেন, ‘এখানকার ডাইল-গোশতের তুলনা নাই"
796, সময়মতো না গেলে অনেক খাবারই পাওয়া যায় না
797, অনেক খাবারই ততক্ষণে শেষ হয়ে গেছে
798, প্রতি শুক্রবার পাওয়া যায় স্পেশাল তেহারি
799,তারকার অভাব ব্রাজিল দলে কখনোই ছিল না
800," সে আমার আশা, সে ব্রাজিলের আশা"
801, ওই টুর্নামেন্টের সেরা খেলোয়াড় হয়েছিলেন তিনি
802,"প্রবল ঝোড়ো হাওয়ার ঝাপটা, সঙ্গে বৃষ্টি"
803, শুরু হয়েছিল বুধবার মধ্যরাতে হঠাৎ
804, তার রেশ বৃহস্পতিবার সকালেও
805, শুকনো ধুলো গলে হলো কাদা
806, খানাখন্দে জমে থাকল ঘোলা পানি
807," সারা শহরের যে দৃশ্য, বইমেলাও তার চেয়ে আলাদা নয়"
808, তবে স্থাপনার তেমন কোনো ক্ষতি হয়নি
809, মেলার অবকাঠামো বেশ শক্তপোক্ত করেই তৈরি করা হয়েছে
810, তাঁদের ক্ষতি হয়নি
811, স্ত্রী লেখিকা আনোয়ারা সৈয়দ হকও তাঁর সঙ্গে ছিলেন
812, লেখালেখি সারা জীবনের কাজ
813," এটা খণ্ডকালীন কাজ নয়, অবসরের কাজও নয়"
814, সাহিত্য নদীর মতো
815, শুধু মৌসুমভিত্তিক লেখালেখি করলে হবে না
816, এ কারণেই মান উন্নত হচ্ছে না
817, এ ছাড়া এসেছে একটি প্রবন্ধ ও একটি কবিতার বই
818, অথচ শিশু কর্নারে এই বইগুলো নেই
819, সেখানে প্রধানত বিক্রি হচ্ছে কার্টুনের বই
820, এতে শিশুরা মানসম্মত শিশুসাহিত্য থেকে বঞ্চিত হচ্ছে
821,মেঘ কেটে গিয়ে রোদ উঠেছিল কাল দুপুরেই
822, রৌদ্রকরোজ্জ্বল দিনে মেলায় বেচাকেনাও বেড়েছিল
823, এই ধারা শেষাবধি চলবে এ আশায় আছেন প্রকাশকেরা
824, প্রণবের নাক-মুখ দিয়ে রক্তক্ষরণ হয়েছে
825, এ ব্যাপারে মামলার প্রস্তুতি চলছে
826,গত সোমবার ও গতকাল মঙ্গলবার এসব ঘটনা ঘটে
827, বাবার নাম শহীদুল ইসলাম
828, তাঁর বাড়ি ময়মনসিংহ সদর উপজেলার চুরখাই এলাকায়
829, আহত অন্য ব্যক্তিরা একই হাসপাতালে ভর্তি হয়েছেন
830, পরে পুলিশ গিয়ে পরিস্থিতি নিয়ন্ত্রণে আনে
831, এ সময় একটি মোটরসাইকেল তাঁকে ধাক্কা দেয়
832, তাঁকে পুলিশের হেফাজতে রাখা হয়েছে
833, এতে মা-ছেলে ও রিকশাটির চালক আহত হন
834, পরে পুলিশ গিয়ে চালককে আটক করলে পরিস্থিতি শান্ত হয়
835, তবে এতে কেউ হতাহত হয়নি
836, হঠাৎ একটি বিমান থেকে ধোঁয়া বের হতে দেখা যায়
837, ২০১২ সালে সাড়ে ৪২ কোটি মানুষ জিমেইল ব্যবহার করত
838, এই স্কুলের আশপাশে প্রায় ১০০ কোচিং সেন্টার রয়েছে
839," সরকারের একজন মন্ত্রী, কিছু করতে পারবেন না"
840, দুদকের শক্তি জনগণ
841, যদিও আমাদের মধ্যে সমস্যা রয়েছে
842," এরপরও আমরা কাজ করে যাচ্ছি, সফলতা আসবেই"
843," আমি অমুক, আমি তমুক"
844, আপনি এখন বড় পদে আছেন
845, আমাদের ভেতরও কিছু সমস্যা আছে
846," আমরা যদি ঠিকমতো অফিস না করি, এটাও দুর্নীতি"
847, এ ব্যাপারে আমাদের সজাগ থাকা উচিত
848, ভালো কাজ করতে আমাদের চেষ্টা থাকতে হবে
849,"কেউ কেউ বলছেন, উইকেটটা একেবারে ‘নারকীয়’"
850," আবার কেউ বলছেন, টেস্ট ক্রিকেটের জন্যই এটা লজ্জা"
851, এক বছর দলের বাইরেও ছিলেন
852, তাই তিনিই দেশের বৈধ প্রেসিডেন্ট
853," তবে এই মুহূর্তে তিনি কোথায় আছেন, তা নিশ্চিত নই"
854,’২০১১ সাল থেকে কারাভোগ করছিলেন তিমোশেঙ্কো
855, বিবিসি ও রয়টার্স
856, এর দায়ভার কমিটির অন্য সদস্যরা নিতে পারেন না
857, তাই তাঁরা স্বেচ্ছায় পদত্যাগ করছেন
858, এরই মধ্যে সাতজন নেতা কারাগারে রয়েছেন
859, এ ছাড়া ১০ জন নেতা পলাতক রয়েছেন
860,ছাত্রলীগের বর্তমান এই কমিটির মেয়াদ পার হয়ে গেছে
861, এ সময় জেলেরা দস্যুদের চিনতে পেরে ঘিরে ফেলেন
862, এর বিরুদ্ধে কয়েকজন আপিল বিভাগে আবেদন করেন
863, এ জন্য সময় বেঁধে দেওয়া হয়
864, এর ধারাবাহিকতায় গতকাল বিষয়টি হাইকোর্টে ওঠে
865, এতে রতন ক্ষিপ্ত হন
866, এতে মজিদ গুরুতর আহত হন
867, সেখানে কর্তব্যরত চিকিৎসক তাঁকে মৃত ঘোষণা করেন
868, মজিদকে নিয়ে আমাদের অনেক স্বপ্ন ছিল
869, কিন্তু এখন সব আশা শেষ হয়ে গেছে
870, আমরা এর সুষ্ঠু বিচার চাই
871, এ ঘটনায় এখনো কোনো মামলা হয়নি
872, রাতে তিনি আর বাড়ি ফেরেননি
873," এখন মনে হচ্ছে, এ দেশে আমরা সত্যিকারই সংখ্যালঘু"
874," মাঝে মাঝে মনে হয়, এ দেশ আমাদের না"
875, দেশটি ক্ষমতাবানদের
876, সবকিছুর প্রতি ঘৃণা এসে গেছে
877, সারা দিন ঘরে বসে থাকি
878, বাইরে গেলেই কান্নায় বুক ভেঙে যায়
879, পুলিশ ধরতে পারেনি মামলার গুরুত্বপূর্ণ এক আসামিকে
880, জামিনে বেরিয়ে গেছেন অপর চার আসামি
881, এঁদের মধ্যে মাহবুব আলী পলাতক রয়েছেন
882, অপর চার আসামি উচ্চ আদালত থেকে জামিনে রয়েছেন
883, জামিনে বেরিয়ে গেছে আসামিরা
884, পলাতক রয়েছে গুরুত্বপূর্ণ এক আসামি
885," যেখানে যাই, সেখানেই টাকার খেলা"
886, ঘাটে ঘাটে টাকা দিতে হয়
887, কিন্তু মন্ত্রণালয় থেকে এখনো প্রজ্ঞাপন জারি হয়নি
888, আমি ছেলে হত্যার বিচার চাই
889, সারা দিন তাঁর ঘরেই থাকেন মা গোপা মজুমদার
890," গোপা মজুমদার বলেন, ‘ঘর থেকে বের হই না"
891, এ জন্য এখন কোনো গানও শুনি না
892, আর হিমাদ্রীও আমাকে গান শোনায় না
893,’ থামে না মায়ের আবিরল কান্না
894, বাকি তিনজন আফগান
895, ইয়েমেনে এখন গৃহযুদ্ধ চলছে
896, এ জন্য যুক্তরাষ্ট্র কৃতজ্ঞ
897, বিনা বিচারে তাঁকে ১৪ বছর ধরে আটকে রাখা হয়
898, এর উদ্বোধন করেছিলেন বলিউড তারকা বিদ্যা বালান
899, সেই ইচ্ছা এবার পূরণ হতে চলছে
900, আগামী সপ্তাহে ছবিটি মুক্তি পাচ্ছে
901, জেলে আসা বন্দীদের নিয়েই তাঁদের কাজ করতে হয়
902,এই নিয়োগ বিজ্ঞপ্তি পাওয়া যাবে এই লিংকটিতে
903, গতকাল দুপুরে ৫৯টি শিশুকে বাড়ি পাঠিয়ে দেওয়া হয়
904, আর ৩৩টি নতুন শিশু ভর্তি হয়
905," তিনি বলেন, ‘গত শুক্রবার আমার নাতনির বমি শুরু হয়"
906, অবস্থার অবনতি হলে শনিবার সকালে হাসপাতালে নিয়ে আসি
907," এখানে এসে দেখি, বেড নাই"
908, কিন্তু শামীমের অবস্থার খুব একটা উন্নতি হচ্ছে না
909, রাতে ঠান্ডা বাতাস বারান্দার রোগীদের কাবু করে দেয়
910, তখন বাড়তি কম্বল দিয়ে ছেলের শরীর ঢেকে দিই
911, তবু ঠান্ডা লাগে
912," তাও আছি, ছইলটা জোন মোর ভালো হয়"
913, দেশের গোটা শাসনকাঠামোই বদলে যায়
914," কেননা, প্রধান সব দলই তা বর্জন করে"
915, বর্ষার পুরো সময়জুড়ে চরটি পানিতে ডুবে থাকে
916, সেখানে নিয়মিত ডলফিন বিচরণ করে
917, কিছু বক ছাড়া সেখানে কোনো প্রাণী দেখা যায় না
918, আর সংরক্ষিত হিসেবে ঘোষিত বন বাতিল করার সুযোগ আছে
919, শেষ পর্যন্ত মানুষও সেখানে বসবাস করতে পারবে না
920, আর বন্য প্রাণী তার আশ্রয় হারাবে
921, এ কারণে আজ পর্যন্ত সেখানে কোনো বসতি গড়ে ওঠেনি
922," চরটি স্থায়ী হয়েছে কি না, তা পরীক্ষা করতে হবে"
923,অারও পড়ুন ঠেঙ্গারচর থেকে জালিয়ারচর
924, এ কারণে চূড়ান্ত সতর্ক অবস্থায় আছে মুম্বাই পুলিশ
925, প্রাথমিক সিদ্ধান্তও নেওয়া হয়ে গিয়েছিল
926, তিন দশক ধরে বলিউড তাঁর নানা ধরনের অভিনয় দেখে আসছে
927, আজ সাফল্যের শিখরে পৌঁছেও তিনি কিন্তু বদলে যাননি
928, তিনি আজও সেই মাটির মানুষ
929, তাঁর বাস্তব জীবনটা আর সব তারকার তুলনায় আলাদা
930, সূত্র: ইন্ডিয়ান টাইমস
931, তিনি মাদ্রাসার উন্নয়নে ৫ লাখ টাকা অনুদান দেন
932, এতে মাদ্রাসার আয় হয় ৭ লাখ টাকা
933, এতে তিনি ওই ৭ লাখ টাকাই ব্যয় দেখান
934, তাঁরা অধ্যক্ষকে প্রকৃত হিসাব দিতে বলেন
935, সেখান থেকে নির্দেশনা আসার পর তাঁরা তদন্ত করেন
936, এর পরিমাণ জনপ্রতি ৫-৭ হাজার টাকা হতে পারে
937, তিনি সেটি দেননি
938, তাই অধ্যক্ষকে প্রকৃত হিসাব পেশ করতে বলা হয়েছে
939, কিন্তু তিনি এখনো তা দেননি
940, চাঁদাবাজির সুযোগ সেখানে নেই
941, কারণ সেনাবাহিনী সম্পূর্ণ অরাজনৈতিক
942, তাদের রাজনীতিতে জড়ানোর চেষ্টা ঠিক নয়
943, তাই শুটিং করেও বেশ ভালো লাগছে
944, আর বাঁধনের মায়ের চরিত্রে অভিনয় করছেন দিতি
945, এরপর অসংখ্য টিভি নাটকে অভিনয় করেছেন তিনি
946, বিজ্ঞাপনচিত্রেও বাঁধনের উপস্থিতি সবার নজর কাড়ে
947, ২০১১ সালের ৬ অক্টোবর তিনি কন্যাসন্তানের মা হন
948, বাঁধনের মেয়ে মিশেল আমানীর বয়স এখন আড়াই বছর
949,সাজিয়ে–গুছিয়ে খাবার পরিবেশন করতে চান সবাই
950, আবার কিছু রান্নায় বিশেষভাবে কাটতে হয় সবজি ও মাংস
951, এসব কাটাকাটির আছে নানা কৌশল
952, সেগুলোর আলাদা নামও রয়েছে
953, এটিকে চিকন করে কেটে কয়েকটি অংশে ভাগ করতে হবে
954, এই অংশগুলোর পুরুত্ব হবে ৬ মিলিমিটার
955,অনিয়ন চপপেঁয়াজের খোসা ছাড়িয়ে অর্ধেক করে নিতে হবে
956, একইভাবে বাকি অর্ধেকও কেটে নিতে হবে
957, এবার বাকি অর্ধেকটা অংশকেও একইভাবে কেটে নিতে হবে
958, এই স্লাইসগুলোর পুরুত্ব হবে আনুমানিক ৩ মিলিমিটার
959, এভাবে প্রতিটি স্লাইস কাটলেই হয়ে গেল জুলিয়ান কাট
960, প্রতিটি টুকরার দৈর্ঘ্য হবে ৩-৫ সেন্টিমিটার
961, তবে টুকরাগুলো পাতলা হতে হবে
962,কিউব চিকেনমুরগির মাংসের হাড় ছাড়িয়ে নিতে হবে
963, এবার এক ইঞ্চি প্রস্থের কয়েকটি টুকরা করে নিতে হবে
964, এবার প্রতিটি টুকরাকে এক ইঞ্চি লম্বা করে কাটতে হবে
965, এই চারকোনা অংশটি থেকে কয়েকটি স্লাইস কাটতে হবে
966, তারপর সেগুলোকে আবার চিকন করে কেটে নিন
967, টুকরাগুলোর পুরুত্ব হবে ১ সেন্টিমিটার
968,১৪ মার্চ ৭৬ বছর বয়সে মারা যান স্টিফেন হকিং
969, এ কারণেই এখানে তাঁর শেষকৃত্য করা হচ্ছে
970, এ শহরকে তিনি খুব ভালোবাসতেন
971, তাঁর জীবন ও কর্ম অনেকের কাছে অনেক কিছু
972, ১৭২৭ সালে নিউটনকে এখানে সমাহিত করা হয়
973, তাঁর পাশে ১৮৮২ সালে সমাহিত করা হয় ডারউইনকে
974,আগামী ২২ ডিসেম্বরের মধ্যে পাঁচ কপি বই জমা দিতে হবে
975,তবে এর আগেও বিটিআরসি এমন সিদ্ধান্ত নিয়েছিল
976, পরে আবার তা থেকে সরে এসেছিল নিয়ন্ত্রক সংস্থাটি
977, এ বিষয়ে পদক্ষেপ নেওয়া হচ্ছে
978, বস্তুত এই বিধিমালা বাস্তবায়নযোগ্য নয়
979," কিন্তু কাকে দেওয়া হবে, তা তিনি বলেননি"
980,এভাবে তো চলতে পারে না
981, হঠাৎ বেপরোয়া গতির একটি ট্রাকের চাপায় নিহত হন তিনি
982, এতে ঘটনাস্থলেই মারা যান তিনি
983, পরে ক্ষুব্ধ জনতা প্রথমে মহাসড়ক অবরোধ করেন
984, পরে চালককে আটক করে ট্রাকে আগুন ধরিয়ে দেন
985, খবর পেয়ে ফায়ার সার্ভিসের কর্মীরা গিয়ে আগুন নেভান
986, দুটি উইকেট এসেছে তাঁর তিন বলের মধ্যে
987, সেন্ট লুসিয়া আর সোজা হয়ে দাঁড়াতে পারেনি
988, কিন্তু ঈদের আনন্দকে তো আর হাতছাড়া করা যায় না
989, ঈদের আনন্দকে খেলার মাঠেই ফিরিয়ে আনলেন যেন
990, আবার সেই পুরোনো চেহারায়
991," ৮, ৪, ২, ৪, ০, ০, ২, ১, ৬"
992, তাঁর সহযোগী ছিলেন লামিচানে ও মাহমুদউল্লাহ
993,এবারের সিপিএলে মাত্র এক ওভার বোলিং করেছিলেন
994, আর মাহমুদউল্লাহও দারুণভাবে আস্থার প্রতিদান দিলেন
995, সেন্ট লুসিয়া আর সোজা হয়ে দাঁড়াতে পারেনি
996, অলআউট হয়েছে মাত্র ৬৯ রানে
997, সর্বোচ্চ ১৫টি ডট বল দিয়েছেন মাহমুদউল্লাহ
998, কিন্তু এই রান করতেও ৩ উইকেটে পতন হয়
999, মাহমুদউল্লাহ ব্যাটিংয়ের সুযোগ পাননি
